[{"model": "admin.logentry", "pk": 1, "fields": {"action_time": "2021-07-19T10:07:44.159Z", "user": 2, "content_type": 9, "object_id": "1", "object_repr": "яйцо", "action_flag": 1, "change_message": "[{\"added\": {}}]"}}, {"model": "admin.logentry", "pk": 2, "fields": {"action_time": "2021-07-19T10:08:01.106Z", "user": 2, "content_type": 9, "object_id": "2", "object_repr": "мука", "action_flag": 1, "change_message": "[{\"added\": {}}]"}}, {"model": "admin.logentry", "pk": 3, "fields": {"action_time": "2021-07-19T10:08:08.983Z", "user": 2, "content_type": 9, "object_id": "3", "object_repr": "сахар", "action_flag": 1, "change_message": "[{\"added\": {}}]"}}, {"model": "admin.logentry", "pk": 4, "fields": {"action_time": "2021-07-19T10:08:28.721Z", "user": 2, "content_type": 9, "object_id": "4", "object_repr": "молоко", "action_flag": 1, "change_message": "[{\"added\": {}}]"}}, {"model": "admin.logentry", "pk": 5, "fields": {"action_time": "2021-07-19T10:08:44.955Z", "user": 2, "content_type": 9, "object_id": "5", "object_repr": "говядина", "action_flag": 1, "change_message": "[{\"added\": {}}]"}}, {"model": "admin.logentry", "pk": 6, "fields": {"action_time": "2021-07-19T10:10:19.484Z", "user": 2, "content_type": 11, "object_id": "1", "object_repr": "яичница", "action_flag": 1, "change_message": "[{\"added\": {}}, {\"added\": {\"name\": \"\\u041a\\u043e\\u043b\\u0438\\u0447\\u0435\\u0441\\u0442\\u0432\\u043e \\u0438\\u043d\\u0433\\u0440\\u0435\\u0434\\u0438\\u0435\\u043d\\u0442\\u0430 \\u0432 \\u0440\\u0435\\u0446\\u0435\\u043f\\u0442\\u0435\", \"object\": \"\\u044f\\u0439\\u0446\\u043e in \\u044f\\u0438\\u0447\\u043d\\u0438\\u0446\\u0430\"}}]"}}, {"model": "admin.logentry", "pk": 7, "fields": {"action_time": "2021-07-19T10:10:43.186Z", "user": 2, "content_type": 9, "object_id": "6", "object_repr": "соль", "action_flag": 1, "change_message": "[{\"added\": {}}]"}}, {"model": "admin.logentry", "pk": 8, "fields": {"action_time": "2021-07-19T10:10:49.044Z", "user": 2, "content_type": 9, "object_id": "7", "object_repr": "масло", "action_flag": 1, "change_message": "[{\"added\": {}}]"}}, {"model": "admin.logentry", "pk": 9, "fields": {"action_time": "2021-07-19T10:11:13.121Z", "user": 2, "content_type": 12, "object_id": "1", "object_repr": "завтрак", "action_flag": 1, "change_message": "[{\"added\": {}}]"}}, {"model": "admin.logentry", "pk": 10, "fields": {"action_time": "2021-07-19T10:11:34.939Z", "user": 2, "content_type": 12, "object_id": "2", "object_repr": "обед", "action_flag": 1, "change_message": "[{\"added\": {}}]"}}, {"model": "admin.logentry", "pk": 11, "fields": {"action_time": "2021-07-19T10:11:51.500Z", "user": 2, "content_type": 12, "object_id": "3", "object_repr": "ужин", "action_flag": 1, "change_message": "[{\"added\": {}}]"}}, {"model": "admin.logentry", "pk": 12, "fields": {"action_time": "2021-07-19T10:12:02.360Z", "user": 2, "content_type": 11, "object_id": "1", "object_repr": "яичница", "action_flag": 2, "change_message": "[{\"added\": {\"name\": \"\\u0422\\u0435\\u0433\\u0438 \\u0432 \\u0440\\u0435\\u0446\\u0435\\u043f\\u0442\\u0435\", \"object\": \"TagsInRecipe object (1)\"}}]"}}, {"model": "admin.logentry", "pk": 13, "fields": {"action_time": "2021-07-19T10:14:15.819Z", "user": 2, "content_type": 11, "object_id": "2", "object_repr": "омлет", "action_flag": 1, "change_message": "[{\"added\": {}}, {\"added\": {\"name\": \"\\u041a\\u043e\\u043b\\u0438\\u0447\\u0435\\u0441\\u0442\\u0432\\u043e \\u0438\\u043d\\u0433\\u0440\\u0435\\u0434\\u0438\\u0435\\u043d\\u0442\\u0430 \\u0432 \\u0440\\u0435\\u0446\\u0435\\u043f\\u0442\\u0435\", \"object\": \"\\u044f\\u0439\\u0446\\u043e in \\u043e\\u043c\\u043b\\u0435\\u0442\"}}, {\"added\": {\"name\": \"\\u041a\\u043e\\u043b\\u0438\\u0447\\u0435\\u0441\\u0442\\u0432\\u043e \\u0438\\u043d\\u0433\\u0440\\u0435\\u0434\\u0438\\u0435\\u043d\\u0442\\u0430 \\u0432 \\u0440\\u0435\\u0446\\u0435\\u043f\\u0442\\u0435\", \"object\": \"\\u0441\\u043e\\u043b\\u044c in \\u043e\\u043c\\u043b\\u0435\\u0442\"}}, {\"added\": {\"name\": \"\\u0422\\u0435\\u0433\\u0438 \\u0432 \\u0440\\u0435\\u0446\\u0435\\u043f\\u0442\\u0435\", \"object\": \"TagsInRecipe object (2)\"}}]"}}, {"model": "admin.logentry", "pk": 14, "fields": {"action_time": "2021-07-19T10:14:39.350Z", "user": 2, "content_type": 14, "object_id": "1", "object_repr": "vpupkin@yandex.ru added омлет", "action_flag": 1, "change_message": "[{\"added\": {}}]"}}, {"model": "admin.logentry", "pk": 15, "fields": {"action_time": "2021-07-19T10:14:45.016Z", "user": 2, "content_type": 14, "object_id": "2", "object_repr": "vpupkin@yandex.ru added яичница", "action_flag": 1, "change_message": "[{\"added\": {}}]"}}, {"model": "admin.logentry", "pk": 16, "fields": {"action_time": "2021-07-19T10:15:14.760Z", "user": 2, "content_type": 14, "object_id": "1", "object_repr": "vpupkin@yandex.ru added омлет", "action_flag": 2, "change_message": "[]"}}, {"model": "admin.logentry", "pk": 17, "fields": {"action_time": "2021-07-19T11:13:44.425Z", "user": 2, "content_type": 14, "object_id": "3", "object_repr": "vpupkin1@yandex.ru added омлет", "action_flag": 1, "change_message": "[{\"added\": {}}]"}}, {"model": "admin.logentry", "pk": 18, "fields": {"action_time": "2021-07-19T11:13:50.513Z", "user": 2, "content_type": 14, "object_id": "4", "object_repr": "vpupkin1@yandex.ru added яичница", "action_flag": 1, "change_message": "[{\"added\": {}}]"}}, {"model": "admin.logentry", "pk": 19, "fields": {"action_time": "2021-07-19T11:54:48.313Z", "user": 2, "content_type": 14, "object_id": "5", "object_repr": "admin@gmail.com added омлет", "action_flag": 1, "change_message": "[{\"added\": {}}]"}}, {"model": "admin.logentry", "pk": 20, "fields": {"action_time": "2021-07-19T11:54:55.332Z", "user": 2, "content_type": 14, "object_id": "6", "object_repr": "admin@gmail.com added яичница", "action_flag": 1, "change_message": "[{\"added\": {}}]"}}, {"model": "admin.logentry", "pk": 21, "fields": {"action_time": "2021-07-19T12:20:39.943Z", "user": 2, "content_type": 12, "object_id": "1", "object_repr": "завтрак", "action_flag": 2, "change_message": "[]"}}, {"model": "admin.logentry", "pk": 22, "fields": {"action_time": "2021-07-19T12:29:40.899Z", "user": 2, "content_type": 12, "object_id": "1", "object_repr": "завтрак", "action_flag": 2, "change_message": "[]"}}, {"model": "admin.logentry", "pk": 23, "fields": {"action_time": "2021-07-19T12:40:21.841Z", "user": 2, "content_type": 12, "object_id": "1", "object_repr": "завтрак", "action_flag": 2, "change_message": "[{\"changed\": {\"fields\": [\"\\u0426\\u0432\\u0435\\u0442\"]}}]"}}, {"model": "admin.logentry", "pk": 24, "fields": {"action_time": "2021-07-19T12:40:29.173Z", "user": 2, "content_type": 12, "object_id": "2", "object_repr": "обед", "action_flag": 2, "change_message": "[{\"changed\": {\"fields\": [\"\\u0426\\u0432\\u0435\\u0442\"]}}]"}}, {"model": "admin.logentry", "pk": 25, "fields": {"action_time": "2021-07-19T12:40:32.943Z", "user": 2, "content_type": 12, "object_id": "3", "object_repr": "ужин", "action_flag": 2, "change_message": "[{\"changed\": {\"fields\": [\"\\u0426\\u0432\\u0435\\u0442\"]}}]"}}, {"model": "admin.logentry", "pk": 26, "fields": {"action_time": "2021-07-24T13:09:03.214Z", "user": 2, "content_type": 11, "object_id": "3", "object_repr": "бутерброд", "action_flag": 1, "change_message": "[{\"added\": {}}, {\"added\": {\"name\": \"\\u041a\\u043e\\u043b\\u0438\\u0447\\u0435\\u0441\\u0442\\u0432\\u043e \\u0438\\u043d\\u0433\\u0440\\u0435\\u0434\\u0438\\u0435\\u043d\\u0442\\u0430 \\u0432 \\u0440\\u0435\\u0446\\u0435\\u043f\\u0442\\u0435\", \"object\": \"\\u043c\\u0430\\u0441\\u043b\\u043e in \\u0431\\u0443\\u0442\\u0435\\u0440\\u0431\\u0440\\u043e\\u0434\"}}, {\"added\": {\"name\": \"\\u0422\\u0435\\u0433\\u0438 \\u0432 \\u0440\\u0435\\u0446\\u0435\\u043f\\u0442\\u0435\", \"object\": \"TagsInRecipe object (3)\"}}]"}}, {"model": "admin.logentry", "pk": 27, "fields": {"action_time": "2021-07-24T13:15:35.983Z", "user": 2, "content_type": 9, "object_id": "8", "object_repr": "хлеб", "action_flag": 1, "change_message": "[{\"added\": {}}]"}}, {"model": "admin.logentry", "pk": 28, "fields": {"action_time": "2021-07-24T13:16:31.793Z", "user": 2, "content_type": 9, "object_id": "9", "object_repr": "банан", "action_flag": 1, "change_message": "[{\"added\": {}}]"}}, {"model": "admin.logentry", "pk": 29, "fields": {"action_time": "2021-07-24T13:16:37.939Z", "user": 2, "content_type": 9, "object_id": "10", "object_repr": "яблоки", "action_flag": 1, "change_message": "[{\"added\": {}}]"}}, {"model": "admin.logentry", "pk": 30, "fields": {"action_time": "2021-07-24T13:18:03.247Z", "user": 2, "content_type": 11, "object_id": "4", "object_repr": "банан", "action_flag": 1, "change_message": "[{\"added\": {}}, {\"added\": {\"name\": \"\\u041a\\u043e\\u043b\\u0438\\u0447\\u0435\\u0441\\u0442\\u0432\\u043e \\u0438\\u043d\\u0433\\u0440\\u0435\\u0434\\u0438\\u0435\\u043d\\u0442\\u0430 \\u0432 \\u0440\\u0435\\u0446\\u0435\\u043f\\u0442\\u0435\", \"object\": \"\\u0431\\u0430\\u043d\\u0430\\u043d in \\u0431\\u0430\\u043d\\u0430\\u043d\"}}, {\"added\": {\"name\": \"\\u0422\\u0435\\u0433\\u0438 \\u0432 \\u0440\\u0435\\u0446\\u0435\\u043f\\u0442\\u0435\", \"object\": \"TagsInRecipe object (4)\"}}]"}}, {"model": "admin.logentry", "pk": 31, "fields": {"action_time": "2021-07-24T13:19:04.809Z", "user": 2, "content_type": 11, "object_id": "5", "object_repr": "яблочный торт", "action_flag": 1, "change_message": "[{\"added\": {}}, {\"added\": {\"name\": \"\\u041a\\u043e\\u043b\\u0438\\u0447\\u0435\\u0441\\u0442\\u0432\\u043e \\u0438\\u043d\\u0433\\u0440\\u0435\\u0434\\u0438\\u0435\\u043d\\u0442\\u0430 \\u0432 \\u0440\\u0435\\u0446\\u0435\\u043f\\u0442\\u0435\", \"object\": \"\\u044f\\u0431\\u043b\\u043e\\u043a\\u0438 in \\u044f\\u0431\\u043b\\u043e\\u0447\\u043d\\u044b\\u0439 \\u0442\\u043e\\u0440\\u0442\"}}, {\"added\": {\"name\": \"\\u041a\\u043e\\u043b\\u0438\\u0447\\u0435\\u0441\\u0442\\u0432\\u043e \\u0438\\u043d\\u0433\\u0440\\u0435\\u0434\\u0438\\u0435\\u043d\\u0442\\u0430 \\u0432 \\u0440\\u0435\\u0446\\u0435\\u043f\\u0442\\u0435\", \"object\": \"\\u043c\\u0443\\u043a\\u0430 in \\u044f\\u0431\\u043b\\u043e\\u0447\\u043d\\u044b\\u0439 \\u0442\\u043e\\u0440\\u0442\"}}, {\"added\": {\"name\": \"\\u041a\\u043e\\u043b\\u0438\\u0447\\u0435\\u0441\\u0442\\u0432\\u043e \\u0438\\u043d\\u0433\\u0440\\u0435\\u0434\\u0438\\u0435\\u043d\\u0442\\u0430 \\u0432 \\u0440\\u0435\\u0446\\u0435\\u043f\\u0442\\u0435\", \"object\": \"\\u0441\\u043e\\u043b\\u044c in \\u044f\\u0431\\u043b\\u043e\\u0447\\u043d\\u044b\\u0439 \\u0442\\u043e\\u0440\\u0442\"}}, {\"added\": {\"name\": \"\\u0422\\u0435\\u0433\\u0438 \\u0432 \\u0440\\u0435\\u0446\\u0435\\u043f\\u0442\\u0435\", \"object\": \"TagsInRecipe object (5)\"}}]"}}, {"model": "admin.logentry", "pk": 32, "fields": {"action_time": "2021-07-24T13:19:36.943Z", "user": 2, "content_type": 9, "object_id": "11", "object_repr": "молочный коктейль", "action_flag": 1, "change_message": "[{\"added\": {}}]"}}, {"model": "admin.logentry", "pk": 33, "fields": {"action_time": "2021-07-24T13:20:37.424Z", "user": 2, "content_type": 11, "object_id": "6", "object_repr": "яблочный смузи", "action_flag": 1, "change_message": "[{\"added\": {}}, {\"added\": {\"name\": \"\\u041a\\u043e\\u043b\\u0438\\u0447\\u0435\\u0441\\u0442\\u0432\\u043e \\u0438\\u043d\\u0433\\u0440\\u0435\\u0434\\u0438\\u0435\\u043d\\u0442\\u0430 \\u0432 \\u0440\\u0435\\u0446\\u0435\\u043f\\u0442\\u0435\", \"object\": \"\\u044f\\u0431\\u043b\\u043e\\u043a\\u0438 in \\u044f\\u0431\\u043b\\u043e\\u0447\\u043d\\u044b\\u0439 \\u0441\\u043c\\u0443\\u0437\\u0438\"}}, {\"added\": {\"name\": \"\\u041a\\u043e\\u043b\\u0438\\u0447\\u0435\\u0441\\u0442\\u0432\\u043e \\u0438\\u043d\\u0433\\u0440\\u0435\\u0434\\u0438\\u0435\\u043d\\u0442\\u0430 \\u0432 \\u0440\\u0435\\u0446\\u0435\\u043f\\u0442\\u0435\", \"object\": \"\\u043c\\u043e\\u043b\\u043e\\u0447\\u043d\\u044b\\u0439 \\u043a\\u043e\\u043a\\u0442\\u0435\\u0439\\u043b\\u044c in \\u044f\\u0431\\u043b\\u043e\\u0447\\u043d\\u044b\\u0439 \\u0441\\u043c\\u0443\\u0437\\u0438\"}}, {\"added\": {\"name\": \"\\u0422\\u0435\\u0433\\u0438 \\u0432 \\u0440\\u0435\\u0446\\u0435\\u043f\\u0442\\u0435\", \"object\": \"TagsInRecipe object (6)\"}}]"}}, {"model": "admin.logentry", "pk": 34, "fields": {"action_time": "2021-07-24T13:21:42.761Z", "user": 2, "content_type": 11, "object_id": "7", "object_repr": "банановый контейль", "action_flag": 1, "change_message": "[{\"added\": {}}, {\"added\": {\"name\": \"\\u041a\\u043e\\u043b\\u0438\\u0447\\u0435\\u0441\\u0442\\u0432\\u043e \\u0438\\u043d\\u0433\\u0440\\u0435\\u0434\\u0438\\u0435\\u043d\\u0442\\u0430 \\u0432 \\u0440\\u0435\\u0446\\u0435\\u043f\\u0442\\u0435\", \"object\": \"\\u0431\\u0430\\u043d\\u0430\\u043d in \\u0431\\u0430\\u043d\\u0430\\u043d\\u043e\\u0432\\u044b\\u0439 \\u043a\\u043e\\u043d\\u0442\\u0435\\u0439\\u043b\\u044c\"}}, {\"added\": {\"name\": \"\\u041a\\u043e\\u043b\\u0438\\u0447\\u0435\\u0441\\u0442\\u0432\\u043e \\u0438\\u043d\\u0433\\u0440\\u0435\\u0434\\u0438\\u0435\\u043d\\u0442\\u0430 \\u0432 \\u0440\\u0435\\u0446\\u0435\\u043f\\u0442\\u0435\", \"object\": \"\\u043c\\u043e\\u043b\\u043e\\u0447\\u043d\\u044b\\u0439 \\u043a\\u043e\\u043a\\u0442\\u0435\\u0439\\u043b\\u044c in \\u0431\\u0430\\u043d\\u0430\\u043d\\u043e\\u0432\\u044b\\u0439 \\u043a\\u043e\\u043d\\u0442\\u0435\\u0439\\u043b\\u044c\"}}, {\"added\": {\"name\": \"\\u0422\\u0435\\u0433\\u0438 \\u0432 \\u0440\\u0435\\u0446\\u0435\\u043f\\u0442\\u0435\", \"object\": \"TagsInRecipe object (7)\"}}]"}}, {"model": "admin.logentry", "pk": 35, "fields": {"action_time": "2021-07-24T13:26:39.795Z", "user": 2, "content_type": 11, "object_id": "4", "object_repr": "банан", "action_flag": 2, "change_message": "[]"}}, {"model": "auth.permission", "pk": 1, "fields": {"name": "Can add log entry", "content_type": 1, "codename": "add_logentry"}}, {"model": "auth.permission", "pk": 2, "fields": {"name": "Can change log entry", "content_type": 1, "codename": "change_logentry"}}, {"model": "auth.permission", "pk": 3, "fields": {"name": "Can delete log entry", "content_type": 1, "codename": "delete_logentry"}}, {"model": "auth.permission", "pk": 4, "fields": {"name": "Can view log entry", "content_type": 1, "codename": "view_logentry"}}, {"model": "auth.permission", "pk": 5, "fields": {"name": "Can add permission", "content_type": 2, "codename": "add_permission"}}, {"model": "auth.permission", "pk": 6, "fields": {"name": "Can change permission", "content_type": 2, "codename": "change_permission"}}, {"model": "auth.permission", "pk": 7, "fields": {"name": "Can delete permission", "content_type": 2, "codename": "delete_permission"}}, {"model": "auth.permission", "pk": 8, "fields": {"name": "Can view permission", "content_type": 2, "codename": "view_permission"}}, {"model": "auth.permission", "pk": 9, "fields": {"name": "Can add group", "content_type": 3, "codename": "add_group"}}, {"model": "auth.permission", "pk": 10, "fields": {"name": "Can change group", "content_type": 3, "codename": "change_group"}}, {"model": "auth.permission", "pk": 11, "fields": {"name": "Can delete group", "content_type": 3, "codename": "delete_group"}}, {"model": "auth.permission", "pk": 12, "fields": {"name": "Can view group", "content_type": 3, "codename": "view_group"}}, {"model": "auth.permission", "pk": 13, "fields": {"name": "Can add content type", "content_type": 4, "codename": "add_contenttype"}}, {"model": "auth.permission", "pk": 14, "fields": {"name": "Can change content type", "content_type": 4, "codename": "change_contenttype"}}, {"model": "auth.permission", "pk": 15, "fields": {"name": "Can delete content type", "content_type": 4, "codename": "delete_contenttype"}}, {"model": "auth.permission", "pk": 16, "fields": {"name": "Can view content type", "content_type": 4, "codename": "view_contenttype"}}, {"model": "auth.permission", "pk": 17, "fields": {"name": "Can add session", "content_type": 5, "codename": "add_session"}}, {"model": "auth.permission", "pk": 18, "fields": {"name": "Can change session", "content_type": 5, "codename": "change_session"}}, {"model": "auth.permission", "pk": 19, "fields": {"name": "Can delete session", "content_type": 5, "codename": "delete_session"}}, {"model": "auth.permission", "pk": 20, "fields": {"name": "Can view session", "content_type": 5, "codename": "view_session"}}, {"model": "auth.permission", "pk": 21, "fields": {"name": "Can add Token", "content_type": 6, "codename": "add_token"}}, {"model": "auth.permission", "pk": 22, "fields": {"name": "Can change Token", "content_type": 6, "codename": "change_token"}}, {"model": "auth.permission", "pk": 23, "fields": {"name": "Can delete Token", "content_type": 6, "codename": "delete_token"}}, {"model": "auth.permission", "pk": 24, "fields": {"name": "Can view Token", "content_type": 6, "codename": "view_token"}}, {"model": "auth.permission", "pk": 25, "fields": {"name": "Can add token", "content_type": 7, "codename": "add_tokenproxy"}}, {"model": "auth.permission", "pk": 26, "fields": {"name": "Can change token", "content_type": 7, "codename": "change_tokenproxy"}}, {"model": "auth.permission", "pk": 27, "fields": {"name": "Can delete token", "content_type": 7, "codename": "delete_tokenproxy"}}, {"model": "auth.permission", "pk": 28, "fields": {"name": "Can view token", "content_type": 7, "codename": "view_tokenproxy"}}, {"model": "auth.permission", "pk": 29, "fields": {"name": "Can add Избранное", "content_type": 8, "codename": "add_favorite"}}, {"model": "auth.permission", "pk": 30, "fields": {"name": "Can change Избранное", "content_type": 8, "codename": "change_favorite"}}, {"model": "auth.permission", "pk": 31, "fields": {"name": "Can delete Избранное", "content_type": 8, "codename": "delete_favorite"}}, {"model": "auth.permission", "pk": 32, "fields": {"name": "Can view Избранное", "content_type": 8, "codename": "view_favorite"}}, {"model": "auth.permission", "pk": 33, "fields": {"name": "Can add Ингредиент", "content_type": 9, "codename": "add_ingredient"}}, {"model": "auth.permission", "pk": 34, "fields": {"name": "Can change Ингредиент", "content_type": 9, "codename": "change_ingredient"}}, {"model": "auth.permission", "pk": 35, "fields": {"name": "Can delete Ингредиент", "content_type": 9, "codename": "delete_ingredient"}}, {"model": "auth.permission", "pk": 36, "fields": {"name": "Can view Ингредиент", "content_type": 9, "codename": "view_ingredient"}}, {"model": "auth.permission", "pk": 37, "fields": {"name": "Can add Количество ингредиента в рецепте", "content_type": 10, "codename": "add_ingredientinrecipe"}}, {"model": "auth.permission", "pk": 38, "fields": {"name": "Can change Количество ингредиента в рецепте", "content_type": 10, "codename": "change_ingredientinrecipe"}}, {"model": "auth.permission", "pk": 39, "fields": {"name": "Can delete Количество ингредиента в рецепте", "content_type": 10, "codename": "delete_ingredientinrecipe"}}, {"model": "auth.permission", "pk": 40, "fields": {"name": "Can view Количество ингредиента в рецепте", "content_type": 10, "codename": "view_ingredientinrecipe"}}, {"model": "auth.permission", "pk": 41, "fields": {"name": "Can add Рецепт", "content_type": 11, "codename": "add_recipe"}}, {"model": "auth.permission", "pk": 42, "fields": {"name": "Can change Рецепт", "content_type": 11, "codename": "change_recipe"}}, {"model": "auth.permission", "pk": 43, "fields": {"name": "Can delete Рецепт", "content_type": 11, "codename": "delete_recipe"}}, {"model": "auth.permission", "pk": 44, "fields": {"name": "Can view Рецепт", "content_type": 11, "codename": "view_recipe"}}, {"model": "auth.permission", "pk": 45, "fields": {"name": "Can add Тег", "content_type": 12, "codename": "add_tag"}}, {"model": "auth.permission", "pk": 46, "fields": {"name": "Can change Тег", "content_type": 12, "codename": "change_tag"}}, {"model": "auth.permission", "pk": 47, "fields": {"name": "Can delete Тег", "content_type": 12, "codename": "delete_tag"}}, {"model": "auth.permission", "pk": 48, "fields": {"name": "Can view Тег", "content_type": 12, "codename": "view_tag"}}, {"model": "auth.permission", "pk": 49, "fields": {"name": "Can add Теги в рецепте", "content_type": 13, "codename": "add_tagsinrecipe"}}, {"model": "auth.permission", "pk": 50, "fields": {"name": "Can change Теги в рецепте", "content_type": 13, "codename": "change_tagsinrecipe"}}, {"model": "auth.permission", "pk": 51, "fields": {"name": "Can delete Теги в рецепте", "content_type": 13, "codename": "delete_tagsinrecipe"}}, {"model": "auth.permission", "pk": 52, "fields": {"name": "Can view Теги в рецепте", "content_type": 13, "codename": "view_tagsinrecipe"}}, {"model": "auth.permission", "pk": 53, "fields": {"name": "Can add Корзина", "content_type": 14, "codename": "add_shoppingcart"}}, {"model": "auth.permission", "pk": 54, "fields": {"name": "Can change Корзина", "content_type": 14, "codename": "change_shoppingcart"}}, {"model": "auth.permission", "pk": 55, "fields": {"name": "Can delete Корзина", "content_type": 14, "codename": "delete_shoppingcart"}}, {"model": "auth.permission", "pk": 56, "fields": {"name": "Can view Корзина", "content_type": 14, "codename": "view_shoppingcart"}}, {"model": "auth.permission", "pk": 57, "fields": {"name": "Can add Пользователь", "content_type": 15, "codename": "add_customuser"}}, {"model": "auth.permission", "pk": 58, "fields": {"name": "Can change Пользователь", "content_type": 15, "codename": "change_customuser"}}, {"model": "auth.permission", "pk": 59, "fields": {"name": "Can delete Пользователь", "content_type": 15, "codename": "delete_customuser"}}, {"model": "auth.permission", "pk": 60, "fields": {"name": "Can view Пользователь", "content_type": 15, "codename": "view_customuser"}}, {"model": "auth.permission", "pk": 61, "fields": {"name": "Can add Подписка", "content_type": 16, "codename": "add_follow"}}, {"model": "auth.permission", "pk": 62, "fields": {"name": "Can change Подписка", "content_type": 16, "codename": "change_follow"}}, {"model": "auth.permission", "pk": 63, "fields": {"name": "Can delete Подписка", "content_type": 16, "codename": "delete_follow"}}, {"model": "auth.permission", "pk": 64, "fields": {"name": "Can view Подписка", "content_type": 16, "codename": "view_follow"}}, {"model": "contenttypes.contenttype", "pk": 1, "fields": {"app_label": "admin", "model": "logentry"}}, {"model": "contenttypes.contenttype", "pk": 2, "fields": {"app_label": "auth", "model": "permission"}}, {"model": "contenttypes.contenttype", "pk": 3, "fields": {"app_label": "auth", "model": "group"}}, {"model": "contenttypes.contenttype", "pk": 4, "fields": {"app_label": "contenttypes", "model": "contenttype"}}, {"model": "contenttypes.contenttype", "pk": 5, "fields": {"app_label": "sessions", "model": "session"}}, {"model": "contenttypes.contenttype", "pk": 6, "fields": {"app_label": "authtoken", "model": "token"}}, {"model": "contenttypes.contenttype", "pk": 7, "fields": {"app_label": "authtoken", "model": "tokenproxy"}}, {"model": "contenttypes.contenttype", "pk": 8, "fields": {"app_label": "recipes", "model": "favorite"}}, {"model": "contenttypes.contenttype", "pk": 9, "fields": {"app_label": "recipes", "model": "ingredient"}}, {"model": "contenttypes.contenttype", "pk": 10, "fields": {"app_label": "recipes", "model": "ingredientinrecipe"}}, {"model": "contenttypes.contenttype", "pk": 11, "fields": {"app_label": "recipes", "model": "recipe"}}, {"model": "contenttypes.contenttype", "pk": 12, "fields": {"app_label": "recipes", "model": "tag"}}, {"model": "contenttypes.contenttype", "pk": 13, "fields": {"app_label": "recipes", "model": "tagsinrecipe"}}, {"model": "contenttypes.contenttype", "pk": 14, "fields": {"app_label": "recipes", "model": "shoppingcart"}}, {"model": "contenttypes.contenttype", "pk": 15, "fields": {"app_label": "users", "model": "customuser"}}, {"model": "contenttypes.contenttype", "pk": 16, "fields": {"app_label": "users", "model": "follow"}}, {"model": "sessions.session", "pk": "fz3xsmnmowal1e3n4t8kbhy7juygm47y", "fields": {"session_data": ".eJxVjDsOwjAQBe_iGln-41DScwZrvbvGAeRIcVIh7o4spYD2zcx7iwT7VtPeeU0ziYsw4vS7ZcAntwHoAe2-SFzats5ZDkUetMvbQvy6Hu7fQYVeR03oImdPKnAswQbPoUQkSwW90xqitYpYmVC8mVQ4R1RIrmSXoUwaxOcLAcM4lg:1m5QAh:VK05KJxkmR6tpsDZKIrmhNPB7bSwxyikPX4Pv4remuA", "expire_date": "2021-08-02T10:06:47.921Z"}}, {"model": "sessions.session", "pk": "uyv8xvcuv96ghkvatxr457p3v2763be4", "fields": {"session_data": ".eJxVjDkOwjAUBe_iGlnfduw4lPScIfpbSADZUpYKcXeIlALaNzPvZXrc1rHfFp37SczZeHP63Qj5oWUHcsdyq5ZrWeeJ7K7Ygy72WkWfl8P9OxhxGb-1iz5RTAkb7ZI6IO6yD62KB0CmOATJbWQGrw0PyWUBcCEo5jAIE5n3B9Y9OB0:1m7Hfz:0jhg-1iQgw3IV26XLdS9Je_yqlnqnFMnv2HskfEODMs", "expire_date": "2021-08-07T13:26:47.984Z"}}, {"model": "sessions.session", "pk": "xbvqlsseyge53ue1lfls5kwd7inpt3js", "fields": {"session_data": ".eJxVjDkOwjAUBe_iGlnfduw4lPScIfpbSADZUpYKcXeIlALaNzPvZXrc1rHfFp37SczZeHP63Qj5oWUHcsdyq5ZrWeeJ7K7Ygy72WkWfl8P9OxhxGb-1iz5RTAkb7ZI6IO6yD62KB0CmOATJbWQGrw0PyWUBcCEo5jAIE5n3B9Y9OB0:1m7HUX:yHG2koeemfRZCeoI0EU1pvPgaPS8lwjOtm8jdQ6Eg3w", "expire_date": "2021-08-07T13:14:57.678Z"}}, {"model": "authtoken.token", "pk": "8709aa58edb5f5de224f5b74bfdee0a2fdd2a20a", "fields": {"user": 3, "created": "2021-07-19T10:40:10.201Z"}}, {"model": "recipes.tag", "pk": 1, "fields": {"name": "завтрак", "hexcolor": "#0000FF", "slug": "breakfast"}}, {"model": "recipes.tag", "pk": 2, "fields": {"name": "обед", "hexcolor": "#008000", "slug": "lunch"}}, {"model": "recipes.tag", "pk": 3, "fields": {"name": "ужин", "hexcolor": "#40E0D0", "slug": "dinner"}}, {"model": "recipes.ingredient", "pk": 1, "fields": {"name": "яйцо", "measurement_unit": "шт"}}, {"model": "recipes.ingredient", "pk": 2, "fields": {"name": "мука", "measurement_unit": "гр"}}, {"model": "recipes.ingredient", "pk": 3, "fields": {"name": "сахар", "measurement_unit": "гр"}}, {"model": "recipes.ingredient", "pk": 4, "fields": {"name": "молоко", "measurement_unit": "мл"}}, {"model": "recipes.ingredient", "pk": 5, "fields": {"name": "говядина", "measurement_unit": "гр"}}, {"model": "recipes.ingredient", "pk": 6, "fields": {"name": "соль", "measurement_unit": "гр"}}, {"model": "recipes.ingredient", "pk": 7, "fields": {"name": "масло", "measurement_unit": "гр"}}, {"model": "recipes.ingredient", "pk": 8, "fields": {"name": "хлеб", "measurement_unit": "шт"}}, {"model": "recipes.ingredient", "pk": 9, "fields": {"name": "банан", "measurement_unit": "гр"}}, {"model": "recipes.ingredient", "pk": 10, "fields": {"name": "яблоки", "measurement_unit": "шт"}}, {"model": "recipes.ingredient", "pk": 11, "fields": {"name": "молочный коктейль", "measurement_unit": "мл"}}, {"model": "recipes.recipe", "pk": 1, "fields": {"author": 1, "name": "яичница", "text": "разбить яйцо\r\nподжарить", "cooking_time": 10, "pub_date": "2021-07-19T10:10:19.479Z", "image": "recipes/images/36i59c3d6d4205665.36544911.jpg"}}, {"model": "recipes.recipe", "pk": 2, "fields": {"author": 1, "name": "омлет", "text": "разбитьяйца и добавить молоко", "cooking_time": 10, "pub_date": "2021-07-19T10:14:15.813Z", "image": "recipes/images/omelette.jpg"}}, {"model": "recipes.recipe", "pk": 3, "fields": {"author": 1, "name": "бутерброд", "text": "хлеб и масло", "cooking_time": 1, "pub_date": "2021-07-24T13:09:03.204Z", "image": "recipes/images/scale_1200.jpg"}}, {"model": "recipes.recipe", "pk": 4, "fields": {"author": 1, "name": "банан", "text": "почистить банан и сьесть", "cooking_time": 1, "pub_date": "2021-07-24T13:18:03.241Z", "image": "recipes/images/scale_1200-2021-01-27T101629.736.jpg"}}, {"model": "recipes.recipe", "pk": 5, "fields": {"author": 3, "name": "яблочный торт", "text": "взять торт и украсить яблоками, я тот еще кулинар", "cooking_time": 60, "pub_date": "2021-07-24T13:19:04.802Z", "image": "recipes/images/1579934213_1-p-torti-s-yablokami-1.jpg"}}, {"model": "recipes.recipe", "pk": 6, "fields": {"author": 2, "name": "яблочный смузи", "text": "в микрсере перемешать смузи и яблоки", "cooking_time": 5, "pub_date": "2021-07-24T13:20:37.418Z", "image": "recipes/images/49a0e4b100149c6612bf16fa6c8d4122-compressor-1615x1500.jpg"}}, {"model": "recipes.recipe", "pk": 7, "fields": {"author": 2, "name": "банановый контейль", "text": "взбить в миксере молочный коктейль и бананы", "cooking_time": 5, "pub_date": "2021-07-24T13:21:42.757Z", "image": "recipes/images/recepty-smuzi-iz-dyni-i-banana.jpg"}}, {"model": "recipes.tagsinrecipe", "pk": 1, "fields": {"tag": 1, "recipe": 1}}, {"model": "recipes.tagsinrecipe", "pk": 2, "fields": {"tag": 2, "recipe": 2}}, {"model": "recipes.tagsinrecipe", "pk": 3, "fields": {"tag": 1, "recipe": 3}}, {"model": "recipes.tagsinrecipe", "pk": 4, "fields": {"tag": 1, "recipe": 4}}, {"model": "recipes.tagsinrecipe", "pk": 5, "fields": {"tag": 3, "recipe": 5}}, {"model": "recipes.tagsinrecipe", "pk": 6, "fields": {"tag": 2, "recipe": 6}}, {"model": "recipes.tagsinrecipe", "pk": 7, "fields": {"tag": 1, "recipe": 7}}, {"model": "recipes.ingredientinrecipe", "pk": 1, "fields": {"ingredient": 1, "recipe": 1, "amount": 4}}, {"model": "recipes.ingredientinrecipe", "pk": 2, "fields": {"ingredient": 1, "recipe": 2, "amount": 3}}, {"model": "recipes.ingredientinrecipe", "pk": 3, "fields": {"ingredient": 6, "recipe": 2, "amount": 1}}, {"model": "recipes.ingredientinrecipe", "pk": 4, "fields": {"ingredient": 7, "recipe": 3, "amount": 10}}, {"model": "recipes.ingredientinrecipe", "pk": 5, "fields": {"ingredient": 9, "recipe": 4, "amount": 400}}, {"model": "recipes.ingredientinrecipe", "pk": 6, "fields": {"ingredient": 10, "recipe": 5, "amount": 10}}, {"model": "recipes.ingredientinrecipe", "pk": 7, "fields": {"ingredient": 2, "recipe": 5, "amount": 500}}, {"model": "recipes.ingredientinrecipe", "pk": 8, "fields": {"ingredient": 6, "recipe": 5, "amount": 10}}, {"model": "recipes.ingredientinrecipe", "pk": 9, "fields": {"ingredient": 10, "recipe": 6, "amount": 10}}, {"model": "recipes.ingredientinrecipe", "pk": 10, "fields": {"ingredient": 11, "recipe": 6, "amount": 700}}, {"model": "recipes.ingredientinrecipe", "pk": 11, "fields": {"ingredient": 9, "recipe": 7, "amount": 1}}, {"model": "recipes.ingredientinrecipe", "pk": 12, "fields": {"ingredient": 11, "recipe": 7, "amount": 700}}, {"model": "recipes.shoppingcart", "pk": 1, "fields": {"user": 1, "recipe": 2, "when_added": "2021-07-19T10:14:39.349Z"}}, {"model": "recipes.shoppingcart", "pk": 2, "fields": {"user": 1, "recipe": 1, "when_added": "2021-07-19T10:14:45.014Z"}}, {"model": "recipes.shoppingcart", "pk": 3, "fields": {"user": 3, "recipe": 2, "when_added": "2021-07-19T11:13:44.424Z"}}, {"model": "recipes.shoppingcart", "pk": 4, "fields": {"user": 3, "recipe": 1, "when_added": "2021-07-19T11:13:50.511Z"}}, {"model": "recipes.shoppingcart", "pk": 5, "fields": {"user": 2, "recipe": 2, "when_added": "2021-07-19T11:54:48.309Z"}}, {"model": "recipes.shoppingcart", "pk": 6, "fields": {"user": 2, "recipe": 1, "when_added": "2021-07-19T11:54:55.331Z"}}, {"model": "users.customuser", "pk": 1, "fields": {"password": "pbkdf2_sha256$260000$HgKH9y1Q0qlSVpw1ozW3Wv$Opeexou+p+YUa4j6EnO2e8iIcGzo6oIKK3puq3T2Mgc=", "last_login": null, "is_superuser": false, "email": "vpupkin@yandex.ru", "username": "vasya.pupkin", "first_name": "Вася", "last_name": "Пупкин", "is_staff": false, "is_active": true, "date_joined": "2021-07-19T08:36:38.145Z", "groups": [], "user_permissions": []}}, {"model": "users.customuser", "pk": 2, "fields": {"password": "pbkdf2_sha256$260000$wxIBlBpvHePM5Jgj5nkwUP$pOHOelsxyyDZO7FzGhsABo+6rLQvaQzPr/5WrnI8MDA=", "last_login": "2021-07-24T13:26:47.976Z", "is_superuser": true, "email": "admin@gmail.com", "username": "admin", "first_name": "admin", "last_name": "admin", "is_staff": true, "is_active": true, "date_joined": "2021-07-19T10:05:19.634Z", "groups": [], "user_permissions": []}}, {"model": "users.customuser", "pk": 3, "fields": {"password": "pbkdf2_sha256$260000$GiN9pmxJh9zNYrBE2i8L4h$VKOHcGVXgkh4iYrf6hthAwIe5WSikowReeVvR2jxlmk=", "last_login": null, "is_superuser": false, "email": "vpupkin1@yandex.ru", "username": "vasya1.pupkin", "first_name": "Вася", "last_name": "Пупкин", "is_staff": false, "is_active": true, "date_joined": "2021-07-19T10:38:09.895Z", "groups": [], "user_permissions": []}}, {"model": "users.customuser", "pk": 4, "fields": {"password": "pbkdf2_sha256$260000$cNNonnmTrgNP6V0pvkkaIM$DbyLKSvYT/fMF6VXZ4efbwV4dtj/uGlDsj3p4zq5UXY=", "last_login": null, "is_superuser": false, "email": "vpupkin2@yandex.ru", "username": "vasya2.pupkin", "first_name": "Вася", "last_name": "Пупкин", "is_staff": false, "is_active": true, "date_joined": "2021-07-24T14:52:41.523Z", "groups": [], "user_permissions": []}}]